,Unnamed: 0,spec_id,spec_name,prof_id,prof_name,edunav_sec,edunav_spec,id_edunav,trashhold
0,0,1.395,Банковское ПО,1,"Информационные технологии, интернет, телеком",Информационно-коммуникационные технологии,Разработчик ПО,124,
1,1,1.400,Оптимизация сайта (SEO),1,"Информационные технологии, интернет, телеком",Информационно-коммуникационные технологии,SEO специалист,336,
2,2,1.420,Администратор баз данных,1,"Информационные технологии, интернет, телеком",Информационно-коммуникационные технологии,Администратор базы данных,279,
3,3,1.474,Стартапы,1,"Информационные технологии, интернет, телеком",Информационно-коммуникационные технологии,Менеджер IT проектов,275,
4,4,1.475,Игровое ПО,1,"Информационные технологии, интернет, телеком",Информационно-коммуникационные технологии,Разработчик ПО,124,
5,5,1.536,CRM системы,1,"Информационные технологии, интернет, телеком",Информационно-коммуникационные технологии,Системный администратор,280,
7,7,1.3,"CTO, CIO, Директор по IT",1,"Информационные технологии, интернет, телеком",Информационно-коммуникационные технологии,Менеджер IT проектов,275,
8,8,1.9,Web инженер,1,"Информационные технологии, интернет, телеком",Информационно-коммуникационные технологии,Web-разработчик,284,
9,9,1.10,Web мастер,1,"Информационные технологии, интернет, телеком",Информационно-коммуникационные технологии,Web-разработчик,284,
10,10,1.25,Аналитик,1,"Информационные технологии, интернет, телеком",Информационно-коммуникационные технологии,BI аналитик,269,
11,11,1.30,Арт-директор,1,"Информационные технологии, интернет, телеком",Информационно-коммуникационные технологии,Специалист по верстке графического интерфейса,246,
12,12,1.50,Системы управления предприятием (ERP),1,"Информационные технологии, интернет, телеком",Информационно-коммуникационные технологии,Специалист по хранению данных,272,
13,13,1.82,Инженер,1,"Информационные технологии, интернет, телеком",Информационно-коммуникационные технологии,Инженер компьютерных систем,270,
14,14,1.89,Интернет,1,"Информационные технологии, интернет, телеком",Информационно-коммуникационные технологии,Администратор сайта,277,
15,15,1.110,Компьютерная безопасность,1,"Информационные технологии, интернет, телеком",Информационно-коммуникационные технологии,Аналитик информационной безопастности,127,
16,16,1.113,"Консалтинг, Аутсорсинг",1,"Информационные технологии, интернет, телеком",Информационно-коммуникационные технологии,Специалист по поддержке пользователей,271,
17,17,1.116,Контент,1,"Информационные технологии, интернет, телеком",Информационно-коммуникационные технологии,SEO специалист,336,
18,18,1.117,Тестирование,1,"Информационные технологии, интернет, телеком",Информационно-коммуникационные технологии,QA инженер,337,
19,19,1.137,Маркетинг,1,"Информационные технологии, интернет, телеком",Информационно-коммуникационные технологии,Администратор сайта,146,
20,20,1.161,Мультимедиа,1,"Информационные технологии, интернет, телеком",Информационно-коммуникационные технологии,Гейм-дизайнер,276,
22,22,1.203,Передача данных и доступ в интернет,1,"Информационные технологии, интернет, телеком",Информационно-коммуникационные технологии,Специалист по хранению данных,282,
23,23,1.211,"Поддержка, Helpdesk",1,"Информационные технологии, интернет, телеком",Информационно-коммуникационные технологии,Специалист по поддержке пользователей,271,
24,24,1.221,"Программирование, Разработка",1,"Информационные технологии, интернет, телеком",Информационно-коммуникационные технологии,Разработчик ПО,124,
25,25,1.225,Продажи,1,"Информационные технологии, интернет, телеком",Информационно-коммуникационные технологии,Специалист по продажам,83,
26,26,1.232,Продюсер,1,"Информационные технологии, интернет, телеком",Информационно-коммуникационные технологии,Продюсер и режиссер,15,
27,27,1.246,Развитие бизнеса,1,"Информационные технологии, интернет, телеком",Информационно-коммуникационные технологии,Менеджер IT проектов,275,
28,28,1.270,Сетевые технологии,1,"Информационные технологии, интернет, телеком",Информационно-коммуникационные технологии,Архитектор сетевых технологий,278,
29,29,1.272,Системная интеграция,1,"Информационные технологии, интернет, телеком",Информационно-коммуникационные технологии,Аналитик цифровой криминалистики,223,
30,30,1.273,Системный администратор,1,"Информационные технологии, интернет, телеком",Информационно-коммуникационные технологии,Системный администратор,280,
31,31,1.274,Системы автоматизированного проектирования,1,"Информационные технологии, интернет, телеком",Информационно-коммуникационные технологии,Администратор сайта,277,
32,32,1.277,"Сотовые, Беспроводные технологии",1,"Информационные технологии, интернет, телеком",Информационно-коммуникационные технологии,Инженер телекоммункационных технологий,281,
33,33,1.295,Телекоммуникации,1,"Информационные технологии, интернет, телеком",Информационно-коммуникационные технологии,Специалист-техник по телекоммуникациям,311,
34,34,1.296,Технический писатель,1,"Информационные технологии, интернет, телеком",Информационно-коммуникационные технологии,Автор технической документации,233,
35,35,1.327,Управление проектами,1,"Информационные технологии, интернет, телеком",Информационно-коммуникационные технологии,Менеджер IT проектов,275,
36,37,20.396,Эксплуатация,20,"Строительство, недвижимость","Инженерные, обрабатывающие и строительные отрасли",Слесарь,167,
37,38,20.445,ЖКХ,20,"Строительство, недвижимость","Инженерные, обрабатывающие и строительные отрасли","Инженер-проектировщик, судостроения",243,
38,39,20.484,Геодезия и картография,20,"Строительство, недвижимость","Инженерные, обрабатывающие и строительные отрасли",Техник-геолог,176,
39,40,20.490,Рабочие строительных специальностей,20,"Строительство, недвижимость","Инженерные, обрабатывающие и строительные отрасли",Инженер-строитель,287,
40,41,20.525,Землеустройство,20,"Строительство, недвижимость","Инженерные, обрабатывающие и строительные отрасли",Техник по земельному кадастру,213,
41,42,20.526,Оценка,20,"Строительство, недвижимость","Инженерные, обрабатывающие и строительные отрасли",Инженер по контролю качества,114,
42,43,20.527,"Отопление, вентиляция и кондиционирование",20,"Строительство, недвижимость","Инженерные, обрабатывающие и строительные отрасли",Инженер аэрокомических систем,118,
43,44,20.528,Водоснабжение и канализация,20,"Строительство, недвижимость","Инженерные, обрабатывающие и строительные отрасли",Инженеры по строительству систем водоснабжения и канализации,225,
44,45,20.573,Тендеры,20,"Строительство, недвижимость","Инженерные, обрабатывающие и строительные отрасли",Специалист по государственным закупкам,81,
46,47,20.20,Агент,20,"Строительство, недвижимость","Инженерные, обрабатывающие и строительные отрасли",Специалист по устойчивому развитию,242,
47,48,20.58,"Гостиницы, Магазины",20,"Строительство, недвижимость","Инженерные, обрабатывающие и строительные отрасли",Туристический агент,63,
48,49,20.63,Дизайн/Оформление,20,"Строительство, недвижимость","Инженерные, обрабатывающие и строительные отрасли",Промышленный дизайнер,189,
49,51,20.83,Инженер,20,"Строительство, недвижимость","Инженерные, обрабатывающие и строительные отрасли",Инженер-механик,107,
51,53,20.189,Нежилые помещения,20,"Строительство, недвижимость","Инженерные, обрабатывающие и строительные отрасли",Инженер-строитель,287,
52,54,20.233,"Проектирование, Архитектура",20,"Строительство, недвижимость","Инженерные, обрабатывающие и строительные отрасли",Архитектор проектировщик,265,
53,55,20.287,Строительство,20,"Строительство, недвижимость","Инженерные, обрабатывающие и строительные отрасли",Инженер-строитель,287,
54,56,20.325,Управление проектами,20,"Строительство, недвижимость","Инженерные, обрабатывающие и строительные отрасли",Архитектор проектировщик,265,
55,57,20.375,Девелопер,20,"Строительство, недвижимость","Инженерные, обрабатывающие и строительные отрасли",Инженер по организации производства,112,
56,58,20.387,Прораб,20,"Строительство, недвижимость","Инженерные, обрабатывающие и строительные отрасли",Сварщик,165,
57,59,17.397,"Электротехническое оборудование, Светотехника",17,Продажи,"Бизнес, управление и право",Инженер по обслуживанию энергетического оборудования,222,
58,60,17.401,Химическая продукция,17,Продажи,"Бизнес, управление и право",Химик-технолог,171,
59,62,17.417,Строительные материалы,17,Продажи,"Бизнес, управление и право",Инженер-материаловед,162,
60,63,17.418,Сельское хозяйство,17,Продажи,"Бизнес, управление и право",Фермер,150,
61,64,17.440,"Текстиль, Одежда, Обувь",17,Продажи,"Бизнес, управление и право",Портной,251,
62,65,17.441,Франчайзинг,17,Продажи,"Бизнес, управление и право",Торговый представитель,84,
63,66,17.443,Мебель,17,Продажи,"Бизнес, управление и право",Декоратор витрин,80,
64,67,17.446,Системы безопасности,17,Продажи,"Бизнес, управление и право",Аналитик информационной безопастности,127,
65,68,17.486,Сантехника,17,Продажи,"Бизнес, управление и право",Инженеры по строительству систем водоснабжения и канализации,225,
66,69,17.487,Бытовая техника,17,Продажи,"Бизнес, управление и право",Супервайзер магазина,267,
67,71,17.535,Торговые сети,17,Продажи,"Бизнес, управление и право",Специалист по продажам,83,
68,72,17.538,"Продажи по телефону, Телемаркетинг",17,Продажи,"Бизнес, управление и право",Специалист по продажам,83,
69,73,17.572,Тендеры,17,Продажи,"Бизнес, управление и право",Закупщик,301,
70,74,17.580,Клининговые услуги,17,Продажи,"Бизнес, управление и право",Супервайзер магазина,267,
71,75,17.623,Финансовые услуги,17,Продажи,"Бизнес, управление и право",Финансовый менеджер,343,
73,78,17.15,"Автомобили, Запчасти",17,Продажи,"Бизнес, управление и право",Закупщик,301,
74,80,17.59,"ГСМ, нефть, бензин",17,Продажи,"Бизнес, управление и право",Инженер по добыче нефти и газа,122,
75,81,17.65,Дилерские сети,17,Продажи,"Бизнес, управление и право",Рекламный агент,232,
76,82,17.66,Дистрибуция,17,Продажи,"Бизнес, управление и право",Специалист по продажам,298,
77,85,17.144,"Медицина, Фармацевтика",17,Продажи,"Бизнес, управление и право",Фармацевт (провизор),29,
78,86,17.149,Менеджер по работе с клиентами,17,Продажи,"Бизнес, управление и право",Менеджер счета,252,
79,87,17.152,Металлопрокат,17,Продажи,"Бизнес, управление и право","Оператор по плавлению, литью металла и прокатного стана",314,
80,88,17.156,Многоуровневый маркетинг,17,Продажи,"Бизнес, управление и право",Маркетолог,146,
82,90,17.196,Оптовая торговля,17,Продажи,"Бизнес, управление и право",Специалист по продажам,83,
83,92,17.242,Прямые продажи,17,Продажи,"Бизнес, управление и право",Специалист по продажам,83,
84,94,17.269,"Телекоммуникации, Сетевые решения",17,Продажи,"Бизнес, управление и право",Инженер телекоммункационных технологий,281,
85,95,17.279,"Станки, тяжелое оборудование",17,Продажи,"Бизнес, управление и право",Наладчик кузнечно-прессового оборудования,168,
86,96,17.301,Товары для бизнеса,17,Продажи,"Бизнес, управление и право",Торговый представитель,84,
87,97,17.302,"FMCG, Товары народного потребления",17,Продажи,"Бизнес, управление и право",Специалист по государственным закупкам,81,
88,98,17.303,Торговля биржевыми товарами,17,Продажи,"Бизнес, управление и право",Брокер-трейдер,82,
89,99,17.306,Торговый представитель,17,Продажи,"Бизнес, управление и право",Торговый представитель,84,
90,100,17.324,Управление продажами,17,Продажи,"Бизнес, управление и право",Специалист по продажам,83,
91,101,17.333,Услуги для бизнеса,17,Продажи,"Бизнес, управление и право",Торговый представитель,84,
92,102,17.334,Услуги для населения,17,Продажи,"Бизнес, управление и право",Специалист центра выплаты пособий,257,
93,103,17.350,Цветные металлы,17,Продажи,"Бизнес, управление и право",Супервайзер магазина,267,
94,104,17.358,"Электроника, фото, видео",17,Продажи,"Бизнес, управление и право",Видеооператор,230,
95,105,13.398,Клинические исследования,13,"Медицина, фармацевтика",Здравоохранение и социальное обеспечение (медицина),Технолог медицинских и клинических лабораторных исследований,53,
96,106,13.432,Производство,13,"Медицина, фармацевтика",Здравоохранение и социальное обеспечение (медицина),Фармацевт (провизор),29,
97,107,13.433,Регистратура,13,"Медицина, фармацевтика",Здравоохранение и социальное обеспечение (медицина),Координатор по архиву и делопроизводству,273,
98,108,13.438,Оптика,13,"Медицина, фармацевтика",Здравоохранение и социальное обеспечение (медицина),Оптометрист,95,
99,109,13.447,Психология,13,"Медицина, фармацевтика",Здравоохранение и социальное обеспечение (медицина),Врач медицинской психологии,22,
100,110,13.489,Медицинский представитель,13,"Медицина, фармацевтика",Здравоохранение и социальное обеспечение (медицина),Врач-педиатр,334,
101,111,13.537,Медицинский советник,13,"Медицина, фармацевтика",Здравоохранение и социальное обеспечение (медицина),Врач-педиатр,102,
102,112,13.567,"Дефектолог, Логопед",13,"Медицина, фармацевтика",Здравоохранение и социальное обеспечение (медицина),Гигиенист стоматологический,98,
103,113,13.578,Фармацевт,13,"Медицина, фармацевтика",Здравоохранение и социальное обеспечение (медицина),Фармацевт (провизор),29,
104,114,13.587,Врач-эксперт,13,"Медицина, фармацевтика",Здравоохранение и социальное обеспечение (медицина),Врач-радиолог,102,
105,115,13.732,Стоматология,13,"Медицина, фармацевтика",Здравоохранение и социальное обеспечение (медицина),Дантист,27,
107,117,13.49,Ветеринария,13,"Медицина, фармацевтика",Здравоохранение и социальное обеспечение (медицина),Ветеринар,104,
108,118,13.128,Лаборант,13,"Медицина, фармацевтика",Здравоохранение и социальное обеспечение (медицина),Смотритель лабораторных животных,105,
109,119,13.131,Лечащий врач,13,"Медицина, фармацевтика",Здравоохранение и социальное обеспечение (медицина),Врач-педиатр,334,
110,120,13.138,Маркетинг,13,"Медицина, фармацевтика",Здравоохранение и социальное обеспечение (медицина),Маркетолог,146,
111,121,13.155,Младший и средний медперсонал,13,"Медицина, фармацевтика",Здравоохранение и социальное обеспечение (медицина),Медицинская(ий) сестра/брат,46,
113,123,13.220,Провизор,13,"Медицина, фармацевтика",Здравоохранение и социальное обеспечение (медицина),Фармацевт (провизор),29,
114,124,13.227,Продажи,13,"Медицина, фармацевтика",Здравоохранение и социальное обеспечение (медицина),Специалист по продажам,83,
115,125,13.228,Лекарственные препараты,13,"Медицина, фармацевтика",Здравоохранение и социальное обеспечение (медицина),Фармацевт (провизор),29,
116,126,13.229,Медицинское оборудование,13,"Медицина, фармацевтика",Здравоохранение и социальное обеспечение (медицина),Врач функциональной диагностики,100,
117,128,5.399,"Ипотека, Ипотечное кредитование",5,"Банки, инвестиции, лизинг","Бизнес, управление и право",Кредитный агент,303,
118,129,5.424,Паевые фонды,5,"Банки, инвестиции, лизинг","Бизнес, управление и право",Управляющий инвестиционным фондом,344,
119,130,5.426,Экономист,5,"Банки, инвестиции, лизинг","Бизнес, управление и право",Экономист,300,
120,131,5.444,Финансовый мониторинг,5,"Банки, инвестиции, лизинг","Бизнес, управление и право",Финансовый менеджер,343,
121,132,5.450,Кредитование малого и среднего бизнеса,5,"Банки, инвестиции, лизинг","Бизнес, управление и право",Кредитный агент,303,
122,133,5.457,Риски: операционные,5,"Банки, инвестиции, лизинг","Бизнес, управление и право",Финансовый менеджер,343,
123,134,5.458,Риски: финансовые,5,"Банки, инвестиции, лизинг","Бизнес, управление и право",Финансовый менеджер,343,
124,135,5.459,Риски: рыночные,5,"Банки, инвестиции, лизинг","Бизнес, управление и право",Финансовый менеджер,343,
125,136,5.460,Автокредитование,5,"Банки, инвестиции, лизинг","Бизнес, управление и право",Кредитный агент,303,
126,137,5.534,Факторинг,5,"Банки, инвестиции, лизинг","Бизнес, управление и право",Делопроизводитель,298,
127,138,5.579,Работа с проблемными заемщиками,5,"Банки, инвестиции, лизинг","Бизнес, управление и право",Кредитный агент,303,
128,139,5.691,Private Banking,5,"Банки, инвестиции, лизинг","Бизнес, управление и право",Банковский кассир,304,
130,141,5.4,Forex,5,"Банки, инвестиции, лизинг","Бизнес, управление и право",Брокер-трейдер,82,
131,142,5.23,"Акции, Ценные бумаги",5,"Банки, инвестиции, лизинг","Бизнес, управление и право",Брокер-трейдер,82,
132,143,5.27,Аналитик,5,"Банки, инвестиции, лизинг","Бизнес, управление и право",Маркетолог,146,
133,144,5.34,"Аудит, Внутренний контроль",5,"Банки, инвестиции, лизинг","Бизнес, управление и право",Арбитр,33,
134,145,5.41,Бумаги с фиксированной доходностью (fixed Income),5,"Банки, инвестиции, лизинг","Бизнес, управление и право",Брокер-трейдер,82,
135,146,5.42,Бухгалтер,5,"Банки, инвестиции, лизинг","Бизнес, управление и право",Бухгалтер,299,
136,147,5.45,Валютный контроль,5,"Банки, инвестиции, лизинг","Бизнес, управление и право",Банковский кассир,304,
137,148,5.51,Внутренние операции (Back Office),5,"Банки, инвестиции, лизинг","Бизнес, управление и право",Делопроизводитель,298,
138,149,5.61,Денежный рынок (money market),5,"Банки, инвестиции, лизинг","Бизнес, управление и право",Брокер-трейдер,82,
139,150,5.79,Инвестиционная компания,5,"Банки, инвестиции, лизинг","Бизнес, управление и право",Управляющий инвестиционным фондом,344,
140,151,5.101,"Трейдинг, Дилинг",5,"Банки, инвестиции, лизинг","Бизнес, управление и право",Брокер-трейдер,82,
141,152,5.103,"Кассовое обслуживание, инкассация",5,"Банки, инвестиции, лизинг","Бизнес, управление и право",Банковский кассир,304,
142,153,5.106,Коммерческий банк,5,"Банки, инвестиции, лизинг","Бизнес, управление и право",Банковский кассир,304,
143,154,5.121,Корпоративное финансирование,5,"Банки, инвестиции, лизинг","Бизнес, управление и право",Финансовый менеджер,343,
144,155,5.123,"Корреспондентские, Международные отношения",5,"Банки, инвестиции, лизинг","Бизнес, управление и право",Политолог,89,
145,156,5.124,Риски: кредитные,5,"Банки, инвестиции, лизинг","Бизнес, управление и право",Кредитный агент,303,
146,157,5.126,Кредиты,5,"Банки, инвестиции, лизинг","Бизнес, управление и право",Кредитный агент,303,
147,158,5.132,Лизинг,5,"Банки, инвестиции, лизинг","Бизнес, управление и право",Кредитный агент,303,
148,159,5.133,Риски: лизинговые,5,"Банки, инвестиции, лизинг","Бизнес, управление и право",Кредитный агент,303,
149,160,5.163,Налоги,5,"Банки, инвестиции, лизинг","Бизнес, управление и право",Кредитный агент,303,
151,162,5.192,"Обменные пункты, Банкоматы",5,"Банки, инвестиции, лизинг","Бизнес, управление и право",Банковский кассир,304,
152,163,5.195,ОПЕРУ,5,"Банки, инвестиции, лизинг","Бизнес, управление и право",Закупщик,301,
153,164,5.210,Пластиковые карты,5,"Банки, инвестиции, лизинг","Бизнес, управление и право",Банковский кассир,304,
154,165,5.215,Портфельные инвестиции,5,"Банки, инвестиции, лизинг","Бизнес, управление и право",Управляющий инвестиционным фондом,344,
155,166,5.219,Привлечение клиентов,5,"Банки, инвестиции, лизинг","Бизнес, управление и право",Маркетолог,146,
156,167,5.224,Продажа финансовых продуктов,5,"Банки, инвестиции, лизинг","Бизнес, управление и право",Специалист по продажам,83,
157,168,5.234,Проектное финансирование,5,"Банки, инвестиции, лизинг","Бизнес, управление и право",Финансовый менеджер,343,
158,169,5.241,Прямые инвестиции,5,"Банки, инвестиции, лизинг","Бизнес, управление и право",Управляющий инвестиционным фондом,344,
159,170,5.250,Расчеты,5,"Банки, инвестиции, лизинг","Бизнес, управление и право",Бухгалтер,299,
160,171,5.257,Розничный бизнес,5,"Банки, инвестиции, лизинг","Бизнес, управление и право",Торговый представитель,84,
161,172,5.262,Руководство бухгалтерией,5,"Банки, инвестиции, лизинг","Бизнес, управление и право",Бухгалтер,299,
162,173,5.304,Торговое финансирование,5,"Банки, инвестиции, лизинг","Бизнес, управление и право",Финансовый менеджер,343,
163,174,5.341,Филиалы,5,"Банки, инвестиции, лизинг","Бизнес, управление и право",Финансовый менеджер,343,
164,175,5.365,"Оценка залога, Стоимости имущества",5,"Банки, инвестиции, лизинг","Бизнес, управление и право",Кредитный агент,303,
165,176,5.366,Риски: прочие,5,"Банки, инвестиции, лизинг","Бизнес, управление и право",Юрист,240,
166,177,5.367,"Методология, Банковские технологии",5,"Банки, инвестиции, лизинг","Бизнес, управление и право",Банковский кассир,304,
167,178,5.368,"Разработка новых продуктов, Маркетинг",5,"Банки, инвестиции, лизинг","Бизнес, управление и право",Маркетолог,146,
168,179,5.369,Отчетность,5,"Банки, инвестиции, лизинг","Бизнес, управление и право",Бухгалтер,299,
169,180,5.370,"Казначейство, Управление ликвидностью",5,"Банки, инвестиции, лизинг","Бизнес, управление и право",Управляющий инвестиционным фондом,344,
170,181,5.371,Кредиты: розничные,5,"Банки, инвестиции, лизинг","Бизнес, управление и право",Кредитный агент,303,
171,182,5.372,Бюджетирование,5,"Банки, инвестиции, лизинг","Бизнес, управление и право",Экономист,300,
172,183,5.394,Эмиссии,5,"Банки, инвестиции, лизинг","Бизнес, управление и право",Финансовый менеджер,343,
173,184,21.402,Гражданская авиация,21,"Транспорт, логистика",Услуги,Пилот,194,
174,185,21.403,Бизнес-авиация,21,"Транспорт, логистика",Услуги,Коммерческий пилот ,241,
175,186,21.480,Контейнерные перевозки,21,"Транспорт, логистика",Услуги,Работник морского транспорта,196,
176,187,21.481,Диспетчер,21,"Транспорт, логистика",Услуги,Авиационный диспетчер,195,
177,189,21.506,Экспедитор,21,"Транспорт, логистика",Услуги,Логистический инженер,59,
178,190,21.563,Кладовщик,21,"Транспорт, логистика",Услуги,Логистический аналитик,57,
179,191,21.564,Рабочий склада,21,"Транспорт, логистика",Услуги,Логистический аналитик,57,
181,193,21.763,Общественный транспорт,21,"Транспорт, логистика",Услуги,Специалист по организации дорожного движения,239,
182,194,21.12,Авиаперевозки,21,"Транспорт, логистика",Услуги,Авиационный диспетчер,195,
183,195,21.17,Автоперевозки,21,"Транспорт, логистика",Услуги,Логистический аналитик,57,
184,196,21.53,ВЭД,21,"Транспорт, логистика",Услуги,Логистический инженер,59,
185,197,21.69,Железнодорожные перевозки,21,"Транспорт, логистика",Услуги,Логистический аналитик,57,
186,198,21.74,"Закупки, Снабжение",21,"Транспорт, логистика",Услуги,Закупщик,301,
187,199,21.136,Логистика,21,"Транспорт, логистика",Услуги,Логистический аналитик,57,
188,200,21.158,Морские/Речные перевозки,21,"Транспорт, логистика",Услуги,Работник морского транспорта,196,
190,202,21.275,Складское хозяйство,21,"Транспорт, логистика",Услуги,Логистический аналитик,57,
191,203,21.292,Таможенное оформление,21,"Транспорт, логистика",Услуги,Логистический инженер,59,
192,206,18.431,Главный механик,18,"Производство, сельское хозяйство",Сельское хозяйство и биоресурсы,Инженер-механик,107,
193,207,18.451,Управление проектами,18,"Производство, сельское хозяйство",Сельское хозяйство и биоресурсы,Директор фермы,75,
194,208,18.453,Ювелирная промышленность,18,"Производство, сельское хозяйство",Сельское хозяйство и биоресурсы,Ювелир,260,
195,209,18.488,Метролог,18,"Производство, сельское хозяйство",Сельское хозяйство и биоресурсы,Оператор оборудования сельского и лесного хозяйства,319,
196,210,18.568,Конструктор,18,"Производство, сельское хозяйство",Сельское хозяйство и биоресурсы,Техник по лесному хозяйству,153,
197,211,18.585,Атомная энергетика,18,"Производство, сельское хозяйство",Сельское хозяйство и биоресурсы,Оператор атомной электростанции,121,
199,213,18.13,Авиационная промышленность,18,"Производство, сельское хозяйство",Сельское хозяйство и биоресурсы,Авиационный механик,200,
200,214,18.16,Автомобильная промышленность,18,"Производство, сельское хозяйство",Сельское хозяйство и биоресурсы,Автослесарь,202,
201,215,18.56,Главный агроном,18,"Производство, сельское хозяйство",Сельское хозяйство и биоресурсы,Агроинженер,193,
202,216,18.57,Главный инженер,18,"Производство, сельское хозяйство",Сельское хозяйство и биоресурсы,Технолог экологической инженерии,154,
203,217,18.73,Закупки и снабжение,18,"Производство, сельское хозяйство",Сельское хозяйство и биоресурсы,Менеджер по закупкам сельскохозяйственной продукции,78,
204,218,18.75,Зоотехник,18,"Производство, сельское хозяйство",Сельское хозяйство и биоресурсы,Животновод,76,
205,219,18.81,Инженер,18,"Производство, сельское хозяйство",Сельское хозяйство и биоресурсы,Агроинженер,193,
206,220,18.84,"Инженер, Мясо- и птицепереработка",18,"Производство, сельское хозяйство",Сельское хозяйство и биоресурсы,Технолог пищевой промышленности,152,
207,221,18.85,"Инженер, Производство и переработка зерновых",18,"Производство, сельское хозяйство",Сельское хозяйство и биоресурсы,Агроинженер,193,
208,222,18.86,"Инженер, Производство сахара",18,"Производство, сельское хозяйство",Сельское хозяйство и биоресурсы,Агроинженер,193,
209,223,18.118,Контроль качества,18,"Производство, сельское хозяйство",Сельское хозяйство и биоресурсы,Инженер по контролю качества,114,
210,224,18.129,Легкая промышленность,18,"Производство, сельское хозяйство",Сельское хозяйство и биоресурсы,Технолог пищевой промышленности,152,
211,225,18.130,"Деревообработка, Лесная промышленность",18,"Производство, сельское хозяйство",Сельское хозяйство и биоресурсы,Техник по лесному хозяйству,153,
212,226,18.142,Машиностроение,18,"Производство, сельское хозяйство",Сельское хозяйство и биоресурсы,Сельскохозяйственный техник,149,
213,228,18.153,Металлургия,18,"Производство, сельское хозяйство",Сельское хозяйство и биоресурсы,Оператор по обработке и обогащению горных пород,326,
215,230,18.190,Нефтепереработка,18,"Производство, сельское хозяйство",Сельское хозяйство и биоресурсы,Инженер по добыче нефти и газа,122,
216,232,18.208,Пищевая промышленность,18,"Производство, сельское хозяйство",Сельское хозяйство и биоресурсы,Технолог пищевой промышленности,152,
217,233,18.212,Полиграфия,18,"Производство, сельское хозяйство",Сельское хозяйство и биоресурсы,Оператор печатных станков,74,
218,235,18.263,Руководство предприятием,18,"Производство, сельское хозяйство",Сельское хозяйство и биоресурсы,Директор фермы,75,
219,236,18.265,Сельхозпроизводство,18,"Производство, сельское хозяйство",Сельское хозяйство и биоресурсы,Фермер,150,
220,237,18.290,Стройматериалы,18,"Производство, сельское хозяйство",Сельское хозяйство и биоресурсы,Менеджер по закупкам сельскохозяйственной продукции,78,
221,239,18.297,Технолог,18,"Производство, сельское хозяйство",Сельское хозяйство и биоресурсы,Технолог экологической инженерии,154,
222,240,18.298,"Технолог, Мясо- и птицепереработка",18,"Производство, сельское хозяйство",Сельское хозяйство и биоресурсы,Технолог пищевой промышленности,152,
223,241,18.299,"Технолог, Производство и переработка зерновых",18,"Производство, сельское хозяйство",Сельское хозяйство и биоресурсы,Сельскохозяйственный техник,149,
224,242,18.300,"Технолог, Производство сахара",18,"Производство, сельское хозяйство",Сельское хозяйство и биоресурсы,Технолог пищевой промышленности,152,
225,243,18.330,Управление цехом,18,"Производство, сельское хозяйство",Сельское хозяйство и биоресурсы,Менеджер по закупкам сельскохозяйственной продукции,78,
226,244,18.339,Фармацевтическая промышленность,18,"Производство, сельское хозяйство",Сельское хозяйство и биоресурсы,Фармацевт (провизор),29,
227,245,18.348,Химическая промышленность,18,"Производство, сельское хозяйство",Сельское хозяйство и биоресурсы,Фармацевт (провизор),29,
228,246,18.354,Эколог,18,"Производство, сельское хозяйство",Сельское хозяйство и биоресурсы,Эколог,288,
229,247,18.360,Электроэнергетика,18,"Производство, сельское хозяйство",Сельское хозяйство и биоресурсы,Оператор атомной электростанции,121,
230,248,18.361,Энергетик производства,18,"Производство, сельское хозяйство",Сельское хозяйство и биоресурсы,Инженер по обслуживанию энергетического оборудования,222,
231,249,18.373,Судостроение,18,"Производство, сельское хозяйство",Сельское хозяйство и биоресурсы,"Инженер-проектировщик, судостроения",232,
232,253,26.409,"ГСМ, нефть, бензин",26,Закупки,"Бизнес, управление и право",Инженер по добыче нефти и газа,122,
233,255,26.411,Фармацевтика,26,Закупки,"Бизнес, управление и право",Фармацевт (провизор),29,
234,258,26.414,"Электроника, фото, видео",26,Закупки,"Бизнес, управление и право",Видеооператор,230,
235,259,26.415,Химическая продукция,26,Закупки,"Бизнес, управление и право",Инженер-химик,120,
237,262,26.427,Металлопрокат,26,Закупки,"Бизнес, управление и право",Оператор по термической обработке металлов,314,
238,263,26.437,Управление закупками,26,Закупки,"Бизнес, управление и право",Специалист по государственным закупкам,81,
239,264,26.439,Строительные материалы,26,Закупки,"Бизнес, управление и право",Инженер-материаловед,162,
240,265,26.449,Электротехническое оборудование/светотехника,26,Закупки,"Бизнес, управление и право",Оператор гидроэлектростанции,110,
241,266,26.473,"Станки, Тяжелое оборудование",26,Закупки,"Бизнес, управление и право",Оператор экструдера и волочильщик металлов,313,
242,267,26.574,Тендеры,26,Закупки,"Бизнес, управление и право",Закупщик,301,
244,269,19.421,Актуарий,19,Страхование,Здравоохранение и социальное обеспечение (медицина),Актуарий,238,
245,270,19.430,Урегулирование убытков,19,Страхование,Здравоохранение и социальное обеспечение (медицина),Организатор сбора средств,264,
246,271,19.483,Перестрахование,19,Страхование,Здравоохранение и социальное обеспечение (медицина),Страховой агент,302,
247,272,19.586,Врач-эксперт,19,Страхование,Здравоохранение и социальное обеспечение (медицина),Специалист общественного здравоохранения,237,
249,274,19.18,Автострахование,19,Страхование,Здравоохранение и социальное обеспечение (медицина),Страховой агент,302,
250,275,19.19,Агент,19,Страхование,Здравоохранение и социальное обеспечение (медицина),Страховой агент,302,
251,276,19.28,Андеррайтер,19,Страхование,Здравоохранение и социальное обеспечение (медицина),Страховой агент,302,
252,277,19.108,Комплексное страхование физических лиц,19,Страхование,Здравоохранение и социальное обеспечение (медицина),Специалист общественного здравоохранения,237,
253,278,19.109,Комплексное страхование юридических лиц,19,Страхование,Здравоохранение и социальное обеспечение (медицина),Специалист общественного здравоохранения,237,
254,279,19.147,Медицинское страхование,19,Страхование,Здравоохранение и социальное обеспечение (медицина),Специалист общественного здравоохранения,237,
256,281,19.259,Руководитель направления,19,Страхование,Здравоохранение и социальное обеспечение (медицина),Специалист общественного здравоохранения,237,
257,282,19.282,Страхование бизнеса,19,Страхование,Здравоохранение и социальное обеспечение (медицина),Страховой агент,302,
258,283,19.283,Страхование жизни,19,Страхование,Здравоохранение и социальное обеспечение (медицина),Страховой агент,302,
259,284,19.284,Страхование недвижимости,19,Страхование,Здравоохранение и социальное обеспечение (медицина),Страховой агент,302,
260,285,19.285,Страхование ответственности,19,Страхование,Здравоохранение и социальное обеспечение (медицина),Страховой агент,302,
261,286,19.357,Эксперт-оценщик,19,Страхование,Здравоохранение и социальное обеспечение (медицина),Страховой агент,302,
262,287,23.422,Авторское право,23,Юристы,"Бизнес, управление и право",Юрист,240,
263,288,23.442,Международное право,23,Юристы,"Бизнес, управление и право",Юристконсульт,87,
264,289,23.476,Земельное право,23,Юристы,"Бизнес, управление и право",Юрист,240,
265,290,23.477,Договорное право,23,Юристы,"Бизнес, управление и право",Юристконсульт,87,
266,291,23.478,Регистрация юридических лиц,23,Юристы,"Бизнес, управление и право",Юрист,240,
267,292,23.479,"Взыскание задолженности, Коллекторская деятельность",23,Юристы,"Бизнес, управление и право",Кредитный агент,303,
268,293,23.539,Антимонопольное право,23,Юристы,"Бизнес, управление и право",Юрист,240,
270,295,23.2,Compliance,23,Юристы,"Бизнес, управление и право",Юристконсульт,87,
271,296,23.21,Адвокат,23,Юристы,"Бизнес, управление и право",Адвокат,286,
272,297,23.29,Арбитраж,23,Юристы,"Бизнес, управление и право",Арбитр,33,
273,298,23.36,Банковское право,23,Юристы,"Бизнес, управление и право",Юрист,240,
274,299,23.72,Законотворчество,23,Юристы,"Бизнес, управление и право",Юрист,240,
275,300,23.88,Интеллектуальная собственность,23,Юристы,"Бизнес, управление и право",Юрист,240,
276,301,23.120,Корпоративное право,23,Юристы,"Бизнес, управление и право",Юристконсульт,87,
277,302,23.159,Морское право,23,Юристы,"Бизнес, управление и право",Юрист,240,
278,303,23.165,Налоговое право,23,Юристы,"Бизнес, управление и право",Юрист,240,
280,305,23.187,Недвижимость,23,Юристы,"Бизнес, управление и право",Агент по продаже недвижимости,60,
281,306,23.188,Недропользование,23,Юристы,"Бизнес, управление и право",Инженер по добыче нефти и газа,122,
282,307,23.214,Помощник,23,Юристы,"Бизнес, управление и право",Юрист,240,
283,308,23.266,Семейное право,23,Юристы,"Бизнес, управление и право",Юрист,240,
284,309,23.276,Слияния и поглощения,23,Юристы,"Бизнес, управление и право",Юрист,240,
285,310,23.286,Страховое право,23,Юристы,"Бизнес, управление и право",Страховой агент,302,
286,311,23.311,Трудовое право,23,Юристы,"Бизнес, управление и право",Юрист,240,
287,312,23.314,Уголовное право,23,Юристы,"Бизнес, управление и право",Юрист,240,
288,313,23.352,"Ценные бумаги, Рынки капитала",23,Юристы,"Бизнес, управление и право",Брокер-трейдер,82,
289,314,23.362,Юрисконсульт,23,Юристы,"Бизнес, управление и право",Юристконсульт,87,
290,315,3.423,Ассистент,3,"Маркетинг, реклама, PR","Бизнес, управление и право",Маркетолог,146,
291,316,3.507,Тайный покупатель,3,"Маркетинг, реклама, PR","Бизнес, управление и право",Закупщик,301,
292,317,3.508,"Проведение опросов, Интервьюер",3,"Маркетинг, реклама, PR","Бизнес, управление и право",Исследователь общественного мнения,70,
293,318,3.509,Промоутер,3,"Маркетинг, реклама, PR","Бизнес, управление и право",Специалист по связям с общественностью,88,
295,320,3.1,Below The Line (BTL),3,"Маркетинг, реклама, PR","Бизнес, управление и право",Специалист по рекламе,235,
296,321,3.8,"PR, Маркетинговые коммуникации",3,"Маркетинг, реклама, PR","Бизнес, управление и право",Маркетолог,146,
297,322,3.26,Аналитик,3,"Маркетинг, реклама, PR","Бизнес, управление и право",Маркетолог,146,
298,323,3.31,Арт директор,3,"Маркетинг, реклама, PR","Бизнес, управление и право",Арт директор,9,
299,324,3.40,Бренд-менеджмент,3,"Маркетинг, реклама, PR","Бизнес, управление и право",Маркетолог,146,
300,325,3.48,Верстальщик,3,"Маркетинг, реклама, PR","Бизнес, управление и право",Специалист по верстке графического интерфейса,246,
301,326,3.64,Дизайнер,3,"Маркетинг, реклама, PR","Бизнес, управление и право",Дизайнер декораций и экспонатов,181,
302,327,3.90,Интернет-маркетинг,3,"Маркетинг, реклама, PR","Бизнес, управление и право",Маркетолог,146,
303,328,3.98,Исследования рынка,3,"Маркетинг, реклама, PR","Бизнес, управление и право",Ассистент в социальных исследованиях,146,
304,329,3.114,Консультант,3,"Маркетинг, реклама, PR","Бизнес, управление и право",Специалист по продажам,83,
305,330,3.119,Копирайтер,3,"Маркетинг, реклама, PR","Бизнес, управление и право",Копирайтер,268,
306,331,3.148,Менеджер по работе с клиентами,3,"Маркетинг, реклама, PR","Бизнес, управление и право",Менеджер счета,252,
307,332,3.150,Менеджмент продукта (Product manager),3,"Маркетинг, реклама, PR","Бизнес, управление и право",Менеджер IT проектов,275,
308,333,3.151,Мерчендайзинг,3,"Маркетинг, реклама, PR","Бизнес, управление и право",Декоратор витрин,80,
309,334,3.166,Наружная реклама,3,"Маркетинг, реклама, PR","Бизнес, управление и право",Специалист по рекламе,235,
311,336,3.206,Печатная реклама,3,"Маркетинг, реклама, PR","Бизнес, управление и право",Специалист по рекламе,235,
312,337,3.209,"Планирование, Размещение рекламы",3,"Маркетинг, реклама, PR","Бизнес, управление и право",Специалист по рекламе,235,
313,338,3.213,Политический PR,3,"Маркетинг, реклама, PR","Бизнес, управление и право",Политолог,89,
314,339,3.230,"Продвижение, Специальные мероприятия",3,"Маркетинг, реклама, PR","Бизнес, управление и право",Ивент менеджер,56,
315,340,3.236,Производство рекламы,3,"Маркетинг, реклама, PR","Бизнес, управление и право",Специалист по рекламе,235,
316,341,3.244,Радио реклама,3,"Маркетинг, реклама, PR","Бизнес, управление и право",Специалист по рекламе,235,
317,342,3.253,Рекламный агент,3,"Маркетинг, реклама, PR","Бизнес, управление и право",Рекламный агент,232,
318,343,3.294,Телевизионная реклама,3,"Маркетинг, реклама, PR","Бизнес, управление и право",Специалист по рекламе,235,
319,344,3.305,Торговый маркетинг(Trade marketing),3,"Маркетинг, реклама, PR","Бизнес, управление и право",Торговый представитель,84,
320,345,3.318,Управление маркетингом,3,"Маркетинг, реклама, PR","Бизнес, управление и право",Маркетолог,146,
321,346,3.328,Управление проектами,3,"Маркетинг, реклама, PR","Бизнес, управление и право",Менеджер IT проектов,275,
322,347,2.425,Экономист,2,"Бухгалтерия, управленческий учет, финансы предприятия","Бизнес, управление и право",Экономист,300,
323,348,2.434,Планово-экономическое управление,2,"Бухгалтерия, управленческий учет, финансы предприятия","Бизнес, управление и право",Экономист,300,
324,349,2.454,"МСФО, IFRS",2,"Бухгалтерия, управленческий учет, финансы предприятия","Бизнес, управление и право",Финансовый менеджер,343,
325,350,2.463,Бухгалтер-калькулятор,2,"Бухгалтерия, управленческий учет, финансы предприятия","Бизнес, управление и право",Бухгалтер,299,
326,351,2.464,Основные средства,2,"Бухгалтерия, управленческий учет, финансы предприятия","Бизнес, управление и право",Бухгалтер,299,
327,352,2.465,GAAP,2,"Бухгалтерия, управленческий учет, финансы предприятия","Бизнес, управление и право",Бухгалтер,299,
328,353,2.467,ACCA,2,"Бухгалтерия, управленческий учет, финансы предприятия","Бизнес, управление и право",Бухгалтер,299,
329,354,2.468,ТМЦ,2,"Бухгалтерия, управленческий учет, финансы предприятия","Бизнес, управление и право",Бухгалтер,299,
330,355,2.469,Первичная документация,2,"Бухгалтерия, управленческий учет, финансы предприятия","Бизнес, управление и право",Делопроизводитель,298,
331,356,2.523,CIPA,2,"Бухгалтерия, управленческий учет, финансы предприятия","Бизнес, управление и право",Бухгалтер,299,
333,358,2.33,Аудит,2,"Бухгалтерия, управленческий учет, финансы предприятия","Бизнес, управление и право",Бухгалтер,299,
334,359,2.43,Бухгалтер,2,"Бухгалтерия, управленческий учет, финансы предприятия","Бизнес, управление и право",Бухгалтер,299,
335,360,2.44,Бюджетирование и планирование,2,"Бухгалтерия, управленческий учет, финансы предприятия","Бизнес, управление и право",Экономист,300,
336,361,2.46,Валютный контроль,2,"Бухгалтерия, управленческий учет, финансы предприятия","Бизнес, управление и право",Банковский кассир,304,
337,362,2.100,Казначейство,2,"Бухгалтерия, управленческий учет, финансы предприятия","Бизнес, управление и право",Финансовый менеджер,343,
338,363,2.102,"Кассир, Инкассатор",2,"Бухгалтерия, управленческий учет, финансы предприятия","Бизнес, управление и право",Банковский кассир,304,
339,364,2.125,Кредитный контроль,2,"Бухгалтерия, управленческий учет, финансы предприятия","Бизнес, управление и право",Кредитный агент,303,
340,365,2.164,Налоги,2,"Бухгалтерия, управленческий учет, финансы предприятия","Бизнес, управление и право",Бухгалтер,299,
341,366,2.179,"Начальный уровень, Мало опыта",2,"Бухгалтерия, управленческий учет, финансы предприятия","Бизнес, управление и право",Специалист центра выплаты пособий,257,
342,367,2.200,Оффшоры,2,"Бухгалтерия, управленческий учет, финансы предприятия","Бизнес, управление и право",Банковский кассир,304,
343,368,2.249,Расчет себестоимости,2,"Бухгалтерия, управленческий учет, финансы предприятия","Бизнес, управление и право",Менеджер счета,252,
344,369,2.261,Руководство бухгалтерией,2,"Бухгалтерия, управленческий учет, финансы предприятия","Бизнес, управление и право",Бухгалтер,299,
345,370,2.335,Учет заработной платы,2,"Бухгалтерия, управленческий учет, финансы предприятия","Бизнес, управление и право",Бухгалтер,299,
346,371,2.337,Учет счетов и платежей,2,"Бухгалтерия, управленческий учет, финансы предприятия","Бизнес, управление и право",Менеджер счета,252,
347,372,2.342,Финансовый анализ,2,"Бухгалтерия, управленческий учет, финансы предприятия","Бизнес, управление и право",Финансовый менеджер,343,
348,373,2.343,Финансовый контроль,2,"Бухгалтерия, управленческий учет, финансы предприятия","Бизнес, управление и право",Финансовый менеджер,343,
349,374,2.344,Финансовый менеджмент,2,"Бухгалтерия, управленческий учет, финансы предприятия","Бизнес, управление и право",Финансовый менеджер,343,
350,375,2.351,Ценные бумаги,2,"Бухгалтерия, управленческий учет, финансы предприятия","Бизнес, управление и право",Брокер-трейдер,82,
351,376,4.428,Последовательный перевод,4,Административный персонал,Услуги,Переводчик,71,
352,377,4.429,Делопроизводство,4,Административный персонал,Услуги,Делопроизводитель,298,
354,381,4.32,Архивист,4,Административный персонал,Услуги,Координатор по архиву и делопроизводству,273,
355,382,4.47,Ввод данных,4,Административный персонал,Услуги,Делопроизводитель,298,
357,386,4.205,Персональный ассистент,4,Административный персонал,Услуги,Администратор,293,
358,387,4.207,Письменный перевод,4,Административный персонал,Услуги,Переводчик,71,
359,388,4.255,Ресепшен,4,Административный персонал,Услуги,Администратор,293,
360,389,4.264,Секретарь,4,Административный персонал,Услуги,Администратор,293,
361,390,4.271,Синхронный перевод,4,Административный персонал,Услуги,Переводчик,71,
362,391,4.278,Сотрудник call-центра,4,Административный персонал,Услуги,Специалист по поддержке пользователей,148,
363,392,4.332,Управляющий офисом (Оffice manager),4,Административный персонал,Услуги,Администратор,293,
364,393,4.338,Учет товарооборота,4,Административный персонал,Услуги,Администратор,293,
365,394,4.374,АХО,4,Административный персонал,Услуги,Администратор,293,
366,395,16.435,НИИ,16,"Государственная служба, некоммерческие организации",,Социолог,67,
367,396,16.569,Архивариус,16,"Государственная служба, некоммерческие организации",,Координатор по архиву и делопроизводству,273,
368,397,16.570,Атташе,16,"Государственная служба, некоммерческие организации",,Специалист по связям с общественностью,88,
369,398,16.571,Библиотекарь,16,"Государственная служба, некоммерческие организации",,Библиотекарь,72,
370,399,16.658,Муниципалитет,16,"Государственная служба, некоммерческие организации",,Депутат Законодательного органа,85,
372,401,16.760,Военнослужащий,16,"Государственная служба, некоммерческие организации",,Следователь,207,
373,402,16.761,Сотрудник полиции/ГИБДД,16,"Государственная служба, некоммерческие организации",,Полицейский,205,
374,403,16.38,Благотворительность,16,"Государственная служба, некоммерческие организации",,Организатор сбора средств,264,
375,404,16.194,Общественные организации,16,"Государственная служба, некоммерческие организации",,Социальный работник,290,
376,405,16.216,Правительство,16,"Государственная служба, некоммерческие организации",,Депутат Законодательного органа,85,
377,406,11.436,Кино,11,"Искусство, развлечения, масс-медиа",Искусство и гуманитарные науки,Актер,297,
378,407,11.745,"Корректор, ретушер",11,"Искусство, развлечения, масс-медиа",Искусство и гуманитарные науки,Монтажер,11,
379,408,11.62,"Дизайн, графика, живопись",11,"Искусство, развлечения, масс-медиа",Искусство и гуманитарные науки,Дизайнер декораций и экспонатов,181,
380,409,11.71,Журналистика,11,"Искусство, развлечения, масс-медиа",Искусство и гуманитарные науки,Журналист,184,
381,410,11.76,Издательская деятельность,11,"Искусство, развлечения, масс-медиа",Искусство и гуманитарные науки,Директор по медиа-программам,261,
382,412,11.134,"Литературная, Редакторская деятельность",11,"Искусство, развлечения, масс-медиа",Искусство и гуманитарные науки,Копирайтер,268,
383,413,11.157,Мода,11,"Искусство, развлечения, масс-медиа",Искусство и гуманитарные науки,Модельер,231,
384,414,11.160,Музыка,11,"Искусство, развлечения, масс-медиа",Искусство и гуманитарные науки,Музыкант и певец,14,
386,416,11.218,Пресса,11,"Искусство, развлечения, масс-медиа",Искусство и гуманитарные науки,Журналист,184,
388,418,11.243,Радио,11,"Искусство, развлечения, масс-медиа",Искусство и гуманитарные науки,Звукорежиссер,12,
389,419,11.293,Телевидение,11,"Искусство, развлечения, масс-медиа",Искусство и гуманитарные науки,Видеооператор,230,
390,420,11.347,Фотография,11,"Искусство, развлечения, масс-медиа",Искусство и гуманитарные науки,Видеооператор,230,
391,421,9.448,Юриспруденция,9,Высший менеджмент,"Бизнес, управление и право",Юрист,240,
392,422,9.452,Страхование,9,Высший менеджмент,"Бизнес, управление и право",Страховой агент,302,
393,423,9.521,"Спортивные клубы, Фитнес, Салоны красоты",9,Высший менеджмент,"Бизнес, управление и право",Тренер по фитнесу,94,
394,424,9.532,Управление закупками,9,Высший менеджмент,"Бизнес, управление и право",Специалист по государственным закупкам,81,
395,425,9.562,Антикризисное управление,9,Высший менеджмент,"Бизнес, управление и право",Экономист,300,
397,427,9.22,Администрирование,9,Высший менеджмент,"Бизнес, управление и право",Администратор,293,
398,428,9.67,Добыча cырья,9,Высший менеджмент,"Бизнес, управление и право",Инженер по добыче нефти и газа,122,
399,429,9.78,Инвестиции,9,Высший менеджмент,"Бизнес, управление и право",Управляющий инвестиционным фондом,344,
400,430,9.94,"Информационные технологии, Интернет, Мультимедиа",9,Высший менеджмент,"Бизнес, управление и право",Разработчик ПО,124,
401,431,9.95,"Искусство, Развлечения, Масс-медиа",9,Высший менеджмент,"Бизнес, управление и право",Ивент менеджер,56,
402,432,9.105,Коммерческий Банк,9,Высший менеджмент,"Бизнес, управление и право",Банковский кассир,304,
403,433,9.115,Консультирование,9,Высший менеджмент,"Бизнес, управление и право",Юристконсульт,87,
404,434,9.139,"Маркетинг, Реклама, PR",9,Высший менеджмент,"Бизнес, управление и право",Специалист по рекламе,235,
405,435,9.145,"Медицина, Фармацевтика",9,Высший менеджмент,"Бизнес, управление и право",Фармацевт (провизор),29,
406,436,9.168,"Наука, Образование",9,Высший менеджмент,"Бизнес, управление и право",Специалист по обучению и развитию,262,
407,437,9.226,Продажи,9,Высший менеджмент,"Бизнес, управление и право",Специалист по продажам,83,
408,439,9.289,"Строительство, Недвижимость",9,Высший менеджмент,"Бизнес, управление и право",Агент по продаже недвижимости,60,
409,440,9.307,"Транспорт, Логистика",9,Высший менеджмент,"Бизнес, управление и право",Специалист по логистике,79,
410,441,9.312,"Туризм, Гостиницы, Рестораны",9,Высший менеджмент,"Бизнес, управление и право",Туристический агент,63,
411,443,9.321,"Управление персоналом, Тренинги",9,Высший менеджмент,"Бизнес, управление и право",HR менеджер,341,
412,444,9.345,Финансы,9,Высший менеджмент,"Бизнес, управление и право",Финансовый менеджер,343,
413,445,7.455,"Шины, Диски",7,Автомобильный бизнес,,Оператор по производству резины и резиновых изделий,321,
414,447,7.503,Автослесарь,7,Автомобильный бизнес,,Автослесарь,202,
415,448,7.565,Автожестянщик,7,Автомобильный бизнес,,Автослесарь,202,
417,452,7.222,Продажа,7,Автомобильный бизнес,,Специалист по продажам,83,
418,454,7.239,"Прокат, лизинг",7,Автомобильный бизнес,,Кредитный агент,303,
420,458,8.462,"Взыскание задолженности, Коллекторская деятельность",8,Безопасность,Национальная безопасность и военное дело,Кредитный агент,303,
422,466,8.356,Экономическая и информационная безопасность,8,Безопасность,Национальная безопасность и военное дело,Аналитик информационной безопастности,127,
423,467,10.470,Бурение,10,Добыча сырья,"Инженерные, обрабатывающие и строительные отрасли",Оператор роторных буровых установок,212,
424,468,10.471,Маркшейдер,10,Добыча сырья,"Инженерные, обрабатывающие и строительные отрасли",Маркшейдер,217,
425,469,10.472,Газ,10,Добыча сырья,"Инженерные, обрабатывающие и строительные отрасли",Инженер по добыче нефти и газа,122,
427,471,10.54,Геологоразведка,10,Добыча сырья,"Инженерные, обрабатывающие и строительные отрасли",Геодезист,216,
428,472,10.80,Инженер,10,Добыча сырья,"Инженерные, обрабатывающие и строительные отрасли",Инженер по добыче нефти и газа,122,
429,473,10.191,Нефть,10,Добыча сырья,"Инженерные, обрабатывающие и строительные отрасли",Инженер по добыче нефти и газа,122,
430,474,10.258,Руда,10,Добыча сырья,"Инженерные, обрабатывающие и строительные отрасли",Инженер по добыче нефти и газа,122,
431,475,10.315,Уголь,10,Добыча сырья,"Инженерные, обрабатывающие и строительные отрасли",Инженер по добыче нефти и газа,122,
433,478,22.491,Повар,22,"Туризм, гостиницы, рестораны",Услуги,Повар,62,
434,479,22.504,Хостес,22,"Туризм, гостиницы, рестораны",Услуги,Смотритель по общежитию,254,
435,480,22.505,Швейцар,22,"Туризм, гостиницы, рестораны",Услуги,Смотритель по общежитию,254,
436,483,22.530,Оформление виз,22,"Туризм, гостиницы, рестораны",Услуги,Туристический агент,63,
437,484,22.531,Управление туристическим бизнесом,22,"Туризм, гостиницы, рестораны",Услуги,Туристический агент,63,
439,486,22.11,Авиабилеты,22,"Туризм, гостиницы, рестораны",Услуги,Авиационный диспетчер,195,
440,487,22.35,Банкеты,22,"Туризм, гостиницы, рестораны",Услуги,Ивент менеджер,56,
441,488,22.39,Бронирование,22,"Туризм, гостиницы, рестораны",Услуги,Туристический агент,63,
442,489,22.55,"Гид, Экскурсовод",22,"Туризм, гостиницы, рестораны",Услуги,Туристический агент,63,
443,490,22.104,Кейтеринг,22,"Туризм, гостиницы, рестораны",Услуги,Бортпроводник,201,
445,492,22.193,"Официант, Бармен",22,"Туризм, гостиницы, рестораны",Услуги,Бортпроводник,201,
446,493,22.198,"Организация встреч, Конференций",22,"Туризм, гостиницы, рестораны",Услуги,Ивент менеджер,56,
447,494,22.199,Организация туристических продуктов,22,"Туризм, гостиницы, рестораны",Услуги,Туристический агент,63,
448,495,22.204,Персонал кухни,22,"Туризм, гостиницы, рестораны",Услуги,Повар,62,
449,496,22.223,Продажа туристических услуг,22,"Туризм, гостиницы, рестораны",Услуги,Туристический агент,63,
450,497,22.248,"Размещение, Обслуживание гостей",22,"Туризм, гостиницы, рестораны",Услуги,Смотритель по общежитию,254,
451,498,22.316,Управление гостиницами,22,"Туризм, гостиницы, рестораны",Услуги,Администратор,293,
452,499,22.329,"Управление ресторанами, Барами",22,"Туризм, гостиницы, рестораны",Услуги,Администратор,62,
453,500,22.353,Шеф-повар,22,"Туризм, гостиницы, рестораны",Услуги,Частный повар,236,
454,501,24.492,Массажист,24,"Спортивные клубы, фитнес, салоны красоты",Услуги,Массажист,306,
455,502,24.493,Парикмахер,24,"Спортивные клубы, фитнес, салоны красоты",Услуги,Парикмахер,308,
456,503,24.624,Ногтевой сервис,24,"Спортивные клубы, фитнес, салоны красоты",Услуги,Косметолог,292,
458,505,24.377,Косметология,24,"Спортивные клубы, фитнес, салоны красоты",Услуги,Косметолог,292,
459,506,24.378,Тренерский состав,24,"Спортивные клубы, фитнес, салоны красоты",Услуги,Тренер по фитнесу,94,
460,507,24.379,Администрация,24,"Спортивные клубы, фитнес, салоны красоты",Услуги,Администратор,293,
461,508,24.380,Продажи,24,"Спортивные клубы, фитнес, салоны красоты",Услуги,Агент по продаже недвижимости,60,
462,510,29.510,Слесарь,29,Рабочий персонал,Услуги,Слесарь,167,
463,511,29.511,"Токарь, Фрезеровщик",29,Рабочий персонал,Услуги,Фрезеровщик,312,
464,512,29.512,Фасовщик,29,Рабочий персонал,Услуги,Инженер по контролю качества,114,
465,513,29.513,Столяр,29,Рабочий персонал,Услуги,Сборщик изделий из древесины,250,
466,514,29.514,Сварщик,29,Рабочий персонал,Услуги,Сварщик,165,
467,515,29.515,Электрик,29,Рабочий персонал,Услуги,Инженер-электрик,108,
468,516,29.516,Швея,29,Рабочий персонал,Услуги,Портной,251,
469,517,29.517,Сборщик,29,Рабочий персонал,Услуги,Сборщик изделий из древесины,250,
470,518,29.540,Гардеробщик,29,Рабочий персонал,Услуги,Смотритель по общежитию,254,
471,520,29.542,Дорожные рабочие,29,Рабочий персонал,Услуги,Специалист по организации дорожного движения,239,
472,521,29.543,Жестянщик,29,Рабочий персонал,Услуги,"Оператор по плавлению, литью металла и прокатного стана",314,
473,525,29.547,Кузнец,29,Рабочий персонал,Услуги,Наладчик кузнечно-прессового оборудования,168,
474,527,29.549,Машинист производства,29,Рабочий персонал,Услуги,Оператор производственного стационарного оборудования,168,
475,529,29.551,Машинист экскаватора,29,Рабочий персонал,Услуги,Машинист локомотива,199,
476,530,29.552,Механик,29,Рабочий персонал,Услуги,Авиационный механик,200,
477,531,29.553,Оператор станков,29,Рабочий персонал,Услуги,Оператор производственного стационарного оборудования,323,
478,532,29.554,"Пастух, Чабан",29,Рабочий персонал,Услуги,Животновод,76,
479,535,29.557,Сантехник,29,Рабочий персонал,Услуги,Сельскохозяйственный техник,149,
480,537,29.559,Штукатур,29,Рабочий персонал,Услуги,Лакировщик ,318,
481,538,29.560,"Электромонтер, Кабельщик",29,Рабочий персонал,Услуги,Оператор роторных буровых установок,212,
482,539,29.561,Ювелир,29,Рабочий персонал,Услуги,Ремесленник по ювелирным изделиям,215,
483,540,29.581,Монтажник,29,Рабочий персонал,Услуги,Оператор роторных буровых установок,212,
484,541,29.582,Проводник,29,Рабочий персонал,Услуги,Гончар,247,
485,542,29.583,Маляр,29,Рабочий персонал,Услуги,Лакировщик ,318,
487,544,29.162,Наладчик,29,Рабочий персонал,Услуги,Лакировщик ,318,
488,545,27.496,"Воспитатель, Гувернантка/гувернёр, Няня",27,Домашний персонал,Услуги,Воспитатель детского сада,133,
489,548,27.499,Садовник,27,Домашний персонал,Услуги,Специалист по озеленению,35,
490,549,27.500,Повар,27,Домашний персонал,Услуги,Частный повар,236,
491,551,27.533,"Помощник по хозяйству, Управляющий",27,Домашний персонал,Услуги,Директор фермы,75,
493,554,15.730,Бухгалтерия,15,"Начало карьеры, студенты",,Бухгалтер,299,
494,555,15.731,Закупки,15,"Начало карьеры, студенты",,Закупщик,301,
496,558,15.68,Добыча сырья,15,"Начало карьеры, студенты",,Инженер по добыче нефти и газа,122,
497,559,15.93,"Информационные технологии, Интернет, Мультимедиа",15,"Начало карьеры, студенты",,Инженер телекоммункационных технологий,281,
498,560,15.96,"Искусство, Развлечения, Масс-медиа",15,"Начало карьеры, студенты",,Ивент менеджер,56,
499,561,15.140,"Маркетинг, Реклама, PR",15,"Начало карьеры, студенты",,Ивент менеджер,56,
500,562,15.146,"Медицина, Фармацевтика",15,"Начало карьеры, студенты",,Фармацевт (провизор),29,
501,564,15.237,"Производство, Технологии",15,"Начало карьеры, студенты",,Инженер по организации производства,112,
502,565,15.281,Страхование,15,"Начало карьеры, студенты",,Страховой агент,302,
503,566,15.288,"Строительство, Архитектура",15,"Начало карьеры, студенты",,Ландшафтный архитектор,245,
504,567,15.308,"Транспорт, Логистика",15,"Начало карьеры, студенты",,Логистический аналитик,57,
505,568,15.313,"Туризм, Гостиницы, Рестораны",15,"Начало карьеры, студенты",,Туристический агент,63,
506,569,15.320,Управление персоналом,15,"Начало карьеры, студенты",,HR менеджер,341,
507,570,15.346,"Финансы, Банки, Инвестиции",15,"Начало карьеры, студенты",,Финансовый менеджер,343,
508,571,15.363,Юристы,15,"Начало карьеры, студенты",,Юрист,240,
509,572,15.388,Административный персонал,15,"Начало карьеры, студенты",,Администратор,293,
510,573,15.389,Продажи,15,"Начало карьеры, студенты",,Закупщик,301,
511,575,15.391,Консультирование,15,"Начало карьеры, студенты",,Юристконсульт,87,
513,577,25.381,Сервисный инженер,25,Инсталляция и сервис,,Инженер-механик,107,
514,578,25.382,Руководитель сервисного центра,25,Инсталляция и сервис,,Специалист по поддержке пользователей,271,
515,579,25.383,Менеджер по сервису - сетевые и телекоммуникационные технологии,25,Инсталляция и сервис,,Инженер телекоммункационных технологий,281,
516,580,25.384,Менеджер по сервису - промышленное оборудование,25,Инсталляция и сервис,,Инженер по обслуживанию энергетического оборудования,222,
517,581,25.385,Менеджер по сервису - транспорт,25,Инсталляция и сервис,,Автослесарь,202,
518,582,25.386,Инсталляция и настройка оборудования,25,Инсталляция и сервис,,Настройщик музыкальных инструментов,249,
520,584,12.5,"Internet, E-Commerce",12,Консультирование,"Социальные науки, журналистика и информация",Специалист по продажам,83,
521,585,12.6,Knowledge management,12,Консультирование,"Социальные науки, журналистика и информация",HR менеджер,341,
522,586,12.7,PR Consulting,12,Консультирование,"Социальные науки, журналистика и информация",Специалист по продажам,83,
523,587,12.92,Информационные технологии,12,Консультирование,"Социальные науки, журналистика и информация",Аналитик цифровой криминалистики,223,
524,588,12.97,Исследования рынка,12,Консультирование,"Социальные науки, журналистика и информация",Исследователь общественного мнения,70,
525,589,12.122,Корпоративные финансы,12,Консультирование,"Социальные науки, журналистика и информация",Финансовый менеджер,343,
527,591,12.197,Организационное консультирование,12,Консультирование,"Социальные науки, журналистика и информация",Организационный психолог,161,
528,592,12.251,Реинжиниринг бизнес процессов,12,Консультирование,"Социальные науки, журналистика и информация",Делопроизводитель,298,
529,593,12.252,"Реинжиниринг, Аутсорсинг финансовой функции",12,Консультирование,"Социальные науки, журналистика и информация",Финансовый менеджер,343,
530,594,12.280,Стратегия,12,Консультирование,"Социальные науки, журналистика и информация",Юристконсульт,87,
531,597,12.331,Управленческое консультирование,12,Консультирование,"Социальные науки, журналистика и информация",Финансовый менеджер,343,
532,598,12.376,Недвижимость,12,Консультирование,"Социальные науки, журналистика и информация",Оценщик недвижимости,61,
534,600,14.762,Дошкольное образование,14,"Наука, образование",Педагогические науки,Специалист дошкольного образования,142,
535,601,14.37,Биотехнологии,14,"Наука, образование",Педагогические науки,Лаборант-исследователь в области биологии,170,
536,603,14.87,Инженерные науки,14,"Наука, образование",Педагогические науки,Учитель физики,141,
537,604,14.91,"Информатика, Информационные системы",14,"Наука, образование",Педагогические науки,Учитель информатики,134,
538,605,14.141,Математика,14,"Наука, образование",Педагогические науки,Учитель математики,136,
539,606,14.169,Науки о Земле,14,"Наука, образование",Педагогические науки,Географ,64,
540,607,14.178,"Начальный уровень, Мало опыта",14,"Наука, образование",Педагогические науки,Учитель начальных классов,143,
541,608,14.217,Преподавание,14,"Наука, образование",Педагогические науки,Учитель самопознания,296,
542,609,14.340,Физика,14,"Наука, образование",Педагогические науки,Учитель физики,141,
543,610,14.349,Химия,14,"Наука, образование",Педагогические науки,Учитель химии,139,
544,611,14.355,"Экономика, Менеджмент",14,"Наука, образование",Педагогические науки,Экономист,300,
545,612,14.364,Языки,14,"Наука, образование",Педагогические науки,Учитель иностранных языков,128,
546,613,6.758,Другое,6,"Управление персоналом, тренинги","Социальные науки, журналистика и информация",HR менеджер,341,
547,614,6.107,Компенсации и льготы,6,"Управление персоналом, тренинги","Социальные науки, журналистика и информация",Страховой агент,302,
548,616,6.247,Развитие персонала,6,"Управление персоналом, тренинги","Социальные науки, журналистика и информация",HR менеджер,341,
549,617,6.254,Рекрутмент,6,"Управление персоналом, тренинги","Социальные науки, журналистика и информация",HR менеджер,184,
550,619,6.319,Управление персоналом,6,"Управление персоналом, тренинги","Социальные науки, журналистика и информация",HR менеджер,341,
551,620,6.336,Учет кадров,6,"Управление персоналом, тренинги","Социальные науки, журналистика и информация",HR менеджер,341,
